Username,Password
admin1,1234
admin_user_001,ZiptsvOFEWE5
admin_user_002,pIeQtZbfIb8f
admin_user_003,AndG6tRaUspo
admin_user_004,BE#@yeLMh3QT
admin_user_005,da#mNHhn43!v
admin_user_006,hyH!ylbrjCw7
admin_user_007,wL#7Nq6Gn5Gk
admin_user_008,RnDQxli7qVnH
admin_user_009,RtoiEv0U7LkP
admin_user_010,06KWn%dS8n#R
admin_user_011,9YBgsteeDasH
admin_user_012,9!iTYZv!0rt2
admin_user_013,utK5iWYOsLH$
admin_user_014,I5ia6f5DaKfN
admin_user_015,r73f@@cjOthI
admin_user_016,u1AFIq3aMu9$
admin_user_017,k07FvTjuFlRG
admin_user_018,lSf0chNMRHxm
admin_user_019,Of5F0yQqcNRi
admin_user_020,ylCPUAoI00@s
admin_user_021,VQcLN7k@sLJd
admin_user_022,5jrgGCFhzYjZ
admin_user_023,bvL$OnLu$Ge!
admin_user_024,K7yYsF!ptx5X
admin_user_025,wGEgQ8O8!162
admin_user_026,8@tobY69ly4t
admin_user_027,13Ur5!aCmY3n
admin_user_028,rcEKznvxdDDd
admin_user_029,VWB8sgb@v7Jh
admin_user_030,0DLe0al$IDHE
admin_user_031,McBZr848%szC
admin_user_032,eEwzlHM7Pprl
admin_user_033,WUG#A!6y5hk%
admin_user_034,kJu1F$5UFRWI
admin_user_035,3HON$k5JnUU3
admin_user_036,Sk4rfe9ujTsb
admin_user_037,X0c$YxUda0@X
admin_user_038,m%@y!mMyM3U!
admin_user_039,riRqzyIhLUso
admin_user_040,tJ$#Xo5MTTqz
admin_user_041,F3kKTHwX@P4a
admin_user_042,izgl0PRmBtp3
admin_user_043,rm1ldM@H@Zlr
admin_user_044,ZQ$g2k6g@CTm
admin_user_045,inI!xgzFO8pq
admin_user_046,Xqwz$yBiw7YP
admin_user_047,7L21JHo4ldKK
admin_user_048,R9C3kLvHGCX3
admin_user_049,otiexbuJ4f2Z
admin_user_050,qYhJeTe1kQuG
admin_user_051,TGtPdT63jdHt
admin_user_052,NHw08K@Ac@hi
admin_user_053,ofjnZjG%hHZI
admin_user_054,Z36Xo4Ocm7iq
admin_user_055,osLpnknDG9%v
admin_user_056,g3j9#eA!LVmN
admin_user_057,SMP82Sa4Rh$K
admin_user_058,l7jVB4sWf2ix
admin_user_059,U$b1zhGnQe%P
admin_user_060,%dt6rG!qFZOM
admin_user_061,6jBPAFP30SLk
admin_user_062,Na5up%K9H%3q
admin_user_063,8eckACnB9G5X
admin_user_064,mwM6#jH8paWG
admin_user_065,lpkIKa$EI9i6
admin_user_066,UBFsQHjdiUt!
admin_user_067,vAu%1%aT9udJ
admin_user_068,PH4V#OmqJ8X6
admin_user_069,qwIR7H0SS6bJ
admin_user_070,%jenXsl839vw
admin_user_071,Vw4kf@t!oIET
admin_user_072,mb0XwfcNaj@m
admin_user_073,#gqTER@6Gal@
admin_user_074,TNtD4IFEPtVt
admin_user_075,CPLDb40auYIW
admin_user_076,LmkojNf7O!oA
admin_user_077,9#wkvMuxpr7a
admin_user_078,JUHdMMfl6s%O
admin_user_079,rjrEYW!YjS%#
admin_user_080,uKQ!4YfTkvwY
admin_user_081,hYk3omYl77VC
admin_user_082,lAcje#92G9YO
admin_user_083,7X#DHQnxN34W
admin_user_084,ppos0X@rl2T@
admin_user_085,VUR0Q59Ex7Tb
admin_user_086,Q%CJeFxmIG0E
admin_user_087,3u!iLN97HP%Z
admin_user_088,cDTLLKHOp2u@
admin_user_089,zrbITn!Uo#h@
admin_user_090,TlZk617TaNED
admin_user_091,Ug%9XH5kZdgw
admin_user_092,#1Cni003ls6b
admin_user_093,c6kkzmDcPGf2
admin_user_094,afS8N4X@ekXC
admin_user_095,JPzrxTG0aEli
admin_user_096,d!$U0immPPQp
admin_user_097,exL3p9cnkU8W
admin_user_098,twpF2jdNquLU
admin_user_099,@J12xk2YmTYY
admin_user_100,tnwJ7Xmf8bAq
admin_user_101,n#6Ob#6aqUVl
admin_user_102,cHWLnoSVFYwL
admin_user_103,7jR2fsVE5yrL
admin_user_104,3Iabg40c$NYp
admin_user_105,2R8GI%A5PBQz
admin_user_106,W7kBQ2Aa#XM$
admin_user_107,5%PpHWhiKb@V
admin_user_108,UZu$BBjIhmzw
admin_user_109,Z0f7Hg$vs7TS
admin_user_110,Za$VFIQ3Wl%U
